row_index,sample_id,target,split,split_seed
0,1,161.01,train,42
1,2,172.2,train,42
2,3,223.08,train,42
3,4,140.82,val,42
4,5,212.13,train,42
5,6,216.34,train,42
6,7,153.06,train,42
7,8,235.46,val,42
8,9,240.36,train,42
9,10,169.08,test,42
10,11,160.08,train,42
11,12,144.76,val,42
12,13,254.16,test,42
13,14,135.02,train,42
14,15,148.47,train,42
15,16,115.26,test,42
16,17,166.54,test,42
17,18,166.37,train,42
18,19,209.98,test,42
19,20,146.21,test,42
20,21,205.18,train,42
21,22,82.81,val,42
22,23,215.59,train,42
23,24,172.39,train,42
24,25,127.99,test,42
25,26,180.52,train,42
26,27,177.78,train,42
27,28,137.41,train,42
28,29,189.03,train,42
29,30,249.21,test,42
30,31,145.44,test,42
31,32,216.19,test,42
32,33,197.41,train,42
33,34,206.82,val,42
34,35,162.79,train,42
35,36,157.59,train,42
36,37,156.13,train,42
37,38,171.23,train,42
38,39,181.01,val,42
39,40,236.55,train,42
40,41,191.93,val,42
41,42,246.84,val,42
42,43,239.89,test,42
43,44,199.84,train,42
44,45,164.79,train,42
45,46,233.03,test,42
46,47,223.36,train,42
47,48,231.16,train,42
48,49,239.33,train,42
49,50,179.12,train,42
50,51,192.25,train,42
51,52,215.61,test,42
52,53,242.42,train,42
53,54,144.83,train,42
54,55,166.94,val,42
55,56,132.95,test,42
56,57,187.63,test,42
57,58,139.17,train,42
58,59,159.21,train,42
59,60,212.78,train,42
60,61,187.09,test,42
61,62,174.82,val,42
62,63,327.83,val,42
63,64,191.81,train,42
64,65,178.61,val,42
65,66,192.86,val,42
66,67,171.17,val,42
67,68,175.63,train,42
68,69,160.86,test,42
69,70,239.83,train,42
70,71,189.17,train,42
71,72,179.67,train,42
72,73,210.81,train,42
73,74,144.94,train,42
74,75,166.26,train,42
75,76,175.51,test,42
76,77,182.22,test,42
77,78,212.7,train,42
78,79,133.4,train,42
79,80,211.54,train,42
80,81,205.08,train,42
81,82,161.24,train,42
82,83,155.92,test,42
83,84,180.15,train,42
84,85,174.39,val,42
85,86,209.49,test,42
86,87,211.37,train,42
87,88,127.73,val,42
88,89,80.2,train,42
89,90,322.35,train,42
90,91,207.3,train,42
91,92,228.38,train,42
92,93,350.33,train,42
93,94,280.1,train,42
94,95,191.39,train,42
95,96,224.14,train,42
96,97,190.38,val,42
97,98,303.22,train,42
98,99,141.25,test,42
99,100,292.52,train,42
100,101,353.47,train,42
101,102,257.46,val,42
102,103,168.91,train,42
103,104,304.63,train,42
104,105,162.83,train,42
105,106,284.44,test,42
106,107,305.11,val,42
107,108,206.99,train,42
108,109,226.04,test,42
109,110,272.96,test,42
110,111,196.61,train,42
111,112,329.5,test,42
112,113,161.32,train,42
113,114,188.28,train,42
114,115,162.73,train,42
115,116,194.63,val,42
116,117,227.3,train,42
117,118,196.78,train,42
118,119,263.9,val,42
119,120,155.3,test,42
120,121,228.83,val,42
121,122,290.02,val,42
122,123,205.6,train,42
123,124,241.98,train,42
124,125,308.12,val,42
125,126,88.23,train,42
126,127,212.25,train,42
127,128,222.33,train,42
128,129,185.91,train,42
129,130,238.06,train,42
130,131,202.35,train,42
131,132,209.54,train,42
132,133,245.65,train,42
133,134,276.39,train,42
134,135,232.76,train,42
135,136,251.5,test,42
136,137,216.78,val,42
137,138,174.58,val,42
138,139,250.65,train,42
139,140,188.31,test,42
140,141,146.2,val,42
141,142,227.51,train,42
142,143,155.39,train,42
143,144,242.18,train,42
144,145,245.94,test,42
145,146,135.66,train,42
146,147,285.81,train,42
147,148,224.01,train,42
148,149,161.1,train,42
149,150,253.35,val,42
150,151,217.56,test,42
151,152,225.1,train,42
152,153,159.56,train,42
153,154,256.18,train,42
154,155,310.65,train,42
155,156,218.0,train,42
156,157,226.56,train,42
157,158,201.21,train,42
158,159,257.68,test,42
159,160,255.38,train,42
160,161,141.1,train,42
161,162,242.2,train,42
162,163,282.88,train,42
163,164,229.0,test,42
164,165,260.35,train,42
165,166,255.93,train,42
166,167,138.22,test,42
167,168,229.59,train,42
168,169,222.5,train,42
169,170,164.65,train,42
