epoch,train_loss,val_loss,train_r2,train_mae,train_rmse,val_r2,val_mae,val_rmse
1,0.1903079889495583,0.019377718679606915,-5.4830033544677805,94.61017344979679,130.87291119209922,0.31675185076656864,34.99253037396599,41.761161141274364
2,0.030921859762576574,0.01328106120447902,-0.0533794100492655,39.721060023588294,52.753836932743276,0.5317167332314392,29.177115047679226,34.573046725703136
3,0.024477931609212914,0.011359804145553532,0.16613846324809745,36.39076008516199,46.93627403945198,0.5994592738904001,28.17893398509306,31.974714386621113
4,0.023734158005989978,0.011788483599529546,0.1914757515471741,36.98772817499497,46.21768248672813,0.5843442867975146,28.402649374569165,32.5724338367157
5,0.02120041017941035,0.011098938309313619,0.27779002824193766,33.39389845904182,43.68108127291165,0.6086572868574494,27.170759313246784,31.605448620149463
6,0.025574061415254083,0.019789519391077405,0.1287978990092894,37.74087131724638,47.97567535613965,0.3022319100282145,33.65561855540556,42.20256872258776
7,0.03029245124472415,0.020047135651111603,-0.03193811104470168,43.041415999917426,52.214180474599615,0.2931484602819704,34.78114139332491,42.47637415283771
8,0.03080344483639826,0.011360040756271166,-0.04934550521238723,44.24871837391573,52.65272992439968,0.5994509905918153,26.974851720473346,31.97504500810334
9,0.015614711902076927,0.01713670286185601,0.4680715832700316,29.55247144138112,37.48765167454755,0.39576887131586147,32.0363078397863,39.27216838230766
10,0.019064508659272072,0.012376083882854265,0.3505513429575736,32.72207720139448,41.422284913423866,0.5636257844030863,27.155090780819165,33.374354450202645
11,0.0179430349072551,0.010053845560725997,0.388755259039666,31.987928727093866,40.18548440391633,0.645506642988811,25.22915200626149,30.080661604098346
12,0.016447149521862978,0.015841540716150227,0.4397138830410747,29.34642993702608,38.47393179135915,0.4414355591216177,31.889283572926242,37.75895579768972
13,0.014418025357265244,0.008190367316060206,0.5088377440204587,27.579714494593002,36.02252344829737,0.711211935691194,23.49152239631204,27.150195010852947
14,0.018839655166683608,0.009699117310126038,0.3582111732915355,32.14381060880773,41.177285728112885,0.6580142186206255,25.367179421817553,29.545228860055197
15,0.014646205373163171,0.016025755664005,0.5010645843847865,27.98222468881046,36.30645166550965,0.43494021654385484,31.58565633437213,37.97786381348737
16,0.018171928548219834,0.022481243400012747,0.38095780856872363,31.317166104036218,40.4409887207559,0.20732315360150466,38.98492790670956,44.981239629428266
17,0.02505725545479971,0.009246814256424414,0.14640328507743805,38.034225576064166,47.48845140559345,0.6739622136860647,24.394011104808133,28.848105745725096
18,0.01522621967117576,0.008253883022595854,0.48130589831172654,29.211746103623334,37.01837024032363,0.7089723836639885,23.819843516630286,27.255266605477416
19,0.013517722912023173,0.009372217745027122,0.5395072712786976,28.249093392316034,34.87972309567695,0.6695405280357618,24.60080000933479,29.043064258915564
20,0.013579051520483679,0.01641142614843214,0.5374180606415937,29.140698993907254,34.958756507799,0.4213417044181834,31.37880168241613,38.432127383970666
21,0.015479703375604004,0.007906587575288379,0.47267076510833617,29.5595459096572,37.325236186562954,0.7212178432771963,22.449556687298944,26.675699730977474
22,0.012834587298771915,0.02489427707212813,0.562778868572283,27.115353920880487,33.98695150798834,0.12224077348462115,41.61281495935776,47.33376334049941
23,0.016403145560830393,0.00955308398560566,0.44121293634740455,30.219856093911563,38.42242854880072,0.6631633053926465,23.94829559326172,29.321962360698183
24,0.011645378606558284,0.010023461161729167,0.6032902784286838,26.068244597491095,32.37412666629234,0.6465780281147393,25.13476068833295,30.035170820847217
25,0.010327992813579519,0.0076804894077427245,0.6481681599373286,24.212313820334042,30.488019239204274,0.7291899503914148,22.79593075022978,26.291521633454842
26,0.011333814287996468,0.009986705858917796,0.6139039994915654,26.19352565092199,31.93811581628712,0.6478739699746552,25.43679989085478,29.980053163095608
27,0.01108146580757902,0.008536114740897627,0.6225004870498838,25.996514320373535,31.580560797974815,0.6990210688040381,22.334687625660617,27.717329281489643
28,0.009207520629655953,0.00990522129680304,0.6863379970718247,22.899990642772,28.786747316461224,0.650747116218506,24.93306687298943,29.857492634247702
29,0.008842942695242955,0.020065803847768727,0.6987576351077585,22.463042988496667,28.21107686072412,0.2924903266049278,36.35839215446921,42.49614395361338
30,0.013139034691609113,0.012182343751192093,0.5524076311542215,26.266072946436264,34.387687921551624,0.5704569416126082,28.078791898839615,33.11209702522773
31,0.011548650214749882,0.020557187305872932,0.6065854334490892,24.88247029921588,32.23939312304333,0.2751642921256865,35.326799504897174,43.013335690533395
32,0.011676409795387265,0.007145771756768227,0.602233164674352,25.22975315767176,32.41723169299455,0.7480438248488033,21.54396371280446,25.359800743130194
33,0.006958344388883287,0.007203212309190456,0.7629580721549952,20.379026861751782,25.025008016698646,0.7460185270839337,21.005489573759192,25.461521501695668
34,0.008741325116716325,0.00802600255016895,0.702219348460106,22.138466835021973,28.048515321227875,0.7170073384662405,22.942795697380514,26.87638912388895
35,0.008466300253263292,0.011413935352774227,0.7115882813626475,22.539254300734576,27.603750367356273,0.5975506068753211,26.82878785974839,32.050807211975176
36,0.007969432378612348,0.007016945274218041,0.728514539687583,20.836892127990723,26.78150185256449,0.7525861847423011,21.777880949132584,25.130163064428775
37,0.008210194119087914,0.00725645137786427,0.7203127388780639,21.837204203886145,27.183037423331445,0.7441413545037222,21.441110498764935,25.555441109476767
38,0.009282251854208024,0.009280626826426563,0.6837921994407088,22.44962709090289,28.90333321194819,0.672769959210473,23.94357479319853,28.900803467813457
39,0.010380647909615244,0.010969486580613782,0.6463743853258372,23.526325338027057,30.5656402783349,0.6132216203745582,26.868208492503445,31.420596693917783
40,0.008301514526144327,0.007208936299909563,0.7172018280184889,21.75442179511575,27.33379537556908,0.745816702863397,21.784330929026883,25.471635883683508
41,0.0066004839061540276,0.006210858303615276,0.7751489095464952,19.480274088242474,24.37300844887928,0.7810083918114308,20.089294882381665,23.642699910574382
42,0.006637831257916439,0.007977723061819287,0.7738766138931409,19.1561440299539,24.441867199114284,0.7187096978825613,22.22382220099954,26.795428915436013
43,0.008405107931192854,0.007914734812562956,0.713672843131844,21.25320591646082,27.503813245480064,0.7209305907122832,22.755362117991726,26.689439294521033
44,0.006664110303116853,0.011298799695556654,0.7729813961588099,19.95387127820183,24.490201826761787,0.6016102887098057,26.300949769861557,31.888742264274462
45,0.0049342243899659745,0.00661762066952446,0.8319114559146898,16.153629190781537,21.07321013183528,0.7666661641252139,20.393612132352942,24.404628095020353
46,0.007581954652457224,0.008254462305237265,0.7417142922280681,20.408250584321863,26.122324949746456,0.7089519831598798,21.69260945039637,27.256221860929966
47,0.010188428495894186,0.0069846331744509585,0.6529225395022299,23.72849228802849,30.281322990377063,0.7537255067375853,21.006778492647058,25.072235044310247
48,0.010681107421131694,0.007174309425275116,0.6361389838971208,24.184680770425235,31.004833536113974,0.7470376163934453,22.12441119025735,25.41038854940036
49,0.006446680877535769,0.02456326234866591,0.7803883524562353,19.104345097261316,24.08736674152109,0.13391236304093523,41.000786276424634,47.018010982880256
50,0.009308772863518885,0.007393658215947011,0.6828887240758941,24.025772599612964,28.94459535523231,0.739303461500647,22.736152200137866,25.795916697026215
51,0.005483196337830604,0.01072661200647845,0.8132102650990507,17.883311608258417,22.214581851319842,0.6217853240619591,25.68048656688017,31.07080618246798
52,0.0050943148705889195,0.006338589523425873,0.8264578309450583,17.075034365934485,21.412340977808547,0.7765046645006846,20.975069831399356,23.88457760297364
53,0.00858092779184089,0.00760503882980522,0.7076833961897762,21.759953050052417,27.78998946577961,0.7318503181814744,22.907031788545495,26.162062355509143
54,0.006497800577883883,0.006382699056035455,0.7786468830875095,19.5876469892614,24.182681770578,0.7749493545134523,20.272944730870865,23.967540224008093
55,0.005240213399862542,0.0062773179892888845,0.821487685555167,17.10347624386058,21.716794929935688,0.7786650596598458,19.511028065400964,23.768858344398136
56,0.01062540601774612,0.009801105376990402,0.6380365395466877,24.134209127987134,30.923881881545757,0.6544181508462874,24.690090403837317,29.700160449904313
57,0.003645902283845798,0.007116324460024343,0.8757992421811062,14.555834433611702,18.114392045975844,0.7490821170468628,22.16513959099265,25.307493896177007
58,0.005739483302664559,0.007091424564885742,0.804479610199729,18.86984359516817,22.72781403353468,0.749960103636475,21.3061258652631,25.26317837896754
59,0.003707223159247352,0.006924677174538374,0.8737103001429329,14.126959295833812,18.26609052077085,0.7558395094825578,21.527560065774356,24.964393978780063
60,0.00633584548417917,0.006593434633139302,0.7841640608947185,19.670173196231616,23.879406060796992,0.7675189462981051,21.303725298713236,24.359990586372298
61,0.006037072566173533,0.007452870636959286,0.7943419875250505,18.394615229438333,23.30958047505291,0.7372157227913587,21.833612329819623,25.89900157413026
