rank,model,selected_seed,selection_rule,validation_r2,validation_mae,validation_rmse,filename,size_bytes,sha256
1,resnet18_shufflenet_mul,3407,"highest validation R2 among seeds 42, 2024, and 3407",0.8267229105166551,16.99330004523782,21.03070859283151,rank_01_resnet18_shufflenet_mul_seed_3407_best.pt,54708263,f9e679a3cafdb57fb3fea107d24ef6b4e2b732e0255a1d0a3e601fd936ba9a0e
2,shufflenet_shufflenet_mul,2024,"highest validation R2 among seeds 42, 2024, and 3407",0.8263639984671224,17.54820475858801,21.0524779742336,rank_02_shufflenet_shufflenet_mul_seed_2024_best.pt,18777007,7d6462e6f5ac5c032cd4bdc94dab032d2f147de527e3d2bcbdec35114870ea34
3,resnet18_squeezenet_mul,2024,"highest validation R2 among seeds 42, 2024, and 3407",0.7810334855827106,19.66276101505055,23.6413452890305,rank_03_resnet18_squeezenet_mul_seed_2024_best.pt,49873341,1d4e210eaa457e2c9cd7fd2ec8a24f98a17b7247997e9965336b0831a5474f05
4,shufflenet_vgg11_attn,42,"highest validation R2 among seeds 42, 2024, and 3407",0.8063363309184012,17.49461634018842,22.233478317903,rank_04_shufflenet_vgg11_attn_seed_42_best.pt,542298119,4bd0cf92647ddf0946c562a1001ae3208c0deb434b8dbd81d13ef264343a0d84
5,resnet18_vgg11_attn,2024,"highest validation R2 among seeds 42, 2024, and 3407",0.7809415999133097,19.26690135282629,23.64630511815892,rank_05_resnet18_vgg11_attn_seed_2024_best.pt,579805311,60ea462f6b37f2c5c41ae34865089e6a4ac6932176bca70bda215bff94863c94
6,squeezenet_squeezenet_mul,3407,"highest validation R2 among seeds 42, 2024, and 3407",0.7810083918114308,20.08929488238167,23.64269991057438,rank_06_squeezenet_squeezenet_mul_seed_3407_best.pt,8059035,52f99ee6b49a4a3d3d8dc5fdc9aff2dd888187ed9df965fab6965285eb2c11e9
7,squeezenet_resnet18_mul,2024,"highest validation R2 among seeds 42, 2024, and 3407",0.7880133919654044,19.55024135813994,23.26149089052631,rank_07_squeezenet_resnet18_mul_seed_2024_best.pt,49873469,486acdcf6db1cb4a4ab8d76a9a1db18cc7b7d191bb7c09fb031cd6593770e781
8,squeezenet_shufflenet_mul,3407,"highest validation R2 among seeds 42, 2024, and 3407",0.7979994289266447,18.30400983025046,22.70699331344121,rank_08_squeezenet_shufflenet_mul_seed_3407_best.pt,12894149,b7dcbde6d427210dd01554efbc41e891b4b40b805ed627465bc8a0101006975c
9,resnet18_vgg11_mul,42,"highest validation R2 among seeds 42, 2024, and 3407",0.7779555073993542,19.12747865564683,23.8069267853193,rank_09_resnet18_vgg11_mul_seed_42_best.pt,578754003,b8a81fcc06c44ca4a44adaa207f2b5874a8befb0467238c0f6057a7b489e9e6a
10,squeezenet_vgg11_mul,42,"highest validation R2 among seeds 42, 2024, and 3407",0.7760212383118944,19.46748486687155,23.91039512894684,rank_10_squeezenet_vgg11_mul_seed_42_best.pt,536939721,d5c07446723e22d88b4e2df0cfff282949c19d2920c4e161755a6f281ef990f4
