rank,model,n_training_seeds,r2_mean,r2_std,mae_mean,mae_std,rmse_mean,rmse_std
1,resnet18_shufflenet_mul,3,0.8103749539442987,0.02489897863284166,18.40601109523399,1.781147218307075,21.96982631941767,1.420747648802867
2,shufflenet_shufflenet_mul,3,0.8093971177339858,0.0153851124101831,18.22439044129615,0.5918237373893953,22.04490829717287,0.8974141638484197
3,resnet18_squeezenet_mul,3,0.7777931967264635,0.004364696999613886,19.83071241191789,0.1474252490257384,23.81486436128829,0.2333365000669148
4,shufflenet_vgg11_attn,3,0.7764498206943505,0.03544431097654721,19.36158707562615,2.476557552567149,23.83854464096984,1.872228264902146
5,resnet18_vgg11_attn,3,0.7707773420664409,0.01700528910274861,20.17107645670573,0.7861115603239364,24.17780151060738,0.8882421446133953
6,squeezenet_squeezenet_mul,3,0.7685959343028625,0.01551436411356177,20.43344131170535,0.4071416300150617,24.29451604746403,0.8092716229504767
7,squeezenet_resnet18_mul,3,0.7679312656927765,0.01939178993719294,21.00038326487822,1.376278220800154,24.32411945123706,1.020225574370301
8,squeezenet_shufflenet_mul,3,0.7647203029618598,0.02923278819332549,20.07957293940526,1.570646905140297,24.47349610709864,1.549523402066215
9,resnet18_vgg11_mul,3,0.7604652052377946,0.01606514804647791,19.95727628820083,0.742031384675679,24.71740801163345,0.8339016056094112
10,squeezenet_vgg11_mul,3,0.7557662620607827,0.02513498667366238,20.71076621261298,1.294570064050997,24.94651232353307,1.272470466088441
